datetime,open,high,low,close,volume
2018-01-02,2683.72998046875,2695.889892578125,2682.360107421875,2695.81005859375,3367250000
2018-01-03,2697.85009765625,2714.3701171875,2697.77001953125,2713.06005859375,3538660000
2018-01-04,2719.31005859375,2729.2900390625,2719.070068359375,2723.989990234375,3695260000
2018-01-05,2731.330078125,2743.449951171875,2727.919921875,2743.14990234375,3236620000
2018-01-08,2742.669921875,2748.510009765625,2737.60009765625,2747.7099609375,3242650000
2018-01-09,2751.14990234375,2759.139892578125,2747.860107421875,2751.2900390625,3453480000
2018-01-10,2745.550048828125,2750.800048828125,2736.06005859375,2748.22998046875,3576350000
2018-01-11,2752.969970703125,2767.56005859375,2752.780029296875,2767.56005859375,3641320000
2018-01-12,2770.179931640625,2787.85009765625,2769.639892578125,2786.239990234375,3573970000
2018-01-16,2798.9599609375,2807.5400390625,2768.639892578125,2776.419921875,4325970000
2018-01-17,2784.989990234375,2807.0400390625,2778.3798828125,2802.56005859375,3778050000
2018-01-18,2802.39990234375,2805.830078125,2792.56005859375,2798.030029296875,3681470000
2018-01-19,2802.60009765625,2810.330078125,2798.080078125,2810.300048828125,3639430000
2018-01-22,2809.159912109375,2833.030029296875,2808.1201171875,2832.969970703125,3471780000
2018-01-23,2835.050048828125,2842.239990234375,2830.590087890625,2839.1298828125,3519650000
2018-01-24,2845.419921875,2852.969970703125,2824.81005859375,2837.5400390625,4014070000
2018-01-25,2846.239990234375,2848.56005859375,2830.93994140625,2839.25,3835150000
2018-01-26,2847.47998046875,2872.8701171875,2846.179931640625,2872.8701171875,3443230000
2018-01-29,2867.22998046875,2870.6201171875,2851.47998046875,2853.530029296875,3573830000
2018-01-30,2832.739990234375,2837.75,2818.27001953125,2822.429931640625,3990650000
2018-01-31,2832.409912109375,2839.260009765625,2813.0400390625,2823.81005859375,4261280000
2018-02-01,2816.449951171875,2835.9599609375,2812.699951171875,2821.97998046875,3938450000
2018-02-02,2808.919921875,2808.919921875,2759.969970703125,2762.1298828125,4301130000
2018-02-05,2741.06005859375,2763.389892578125,2638.169921875,2648.93994140625,5283460000
2018-02-06,2614.780029296875,2701.0400390625,2593.070068359375,2695.139892578125,5891660000
2018-02-07,2690.949951171875,2727.669921875,2681.330078125,2681.659912109375,4626570000
2018-02-08,2685.010009765625,2685.27001953125,2580.56005859375,2581.0,5305440000
2018-02-09,2601.780029296875,2638.669921875,2532.68994140625,2619.550048828125,5680070000
2018-02-12,2636.75,2672.610107421875,2622.449951171875,2656.0,4055790000
2018-02-13,2646.27001953125,2668.840087890625,2637.080078125,2662.93994140625,3472870000
2018-02-14,2651.2099609375,2702.10009765625,2648.8701171875,2698.6298828125,4003740000
2018-02-15,2713.4599609375,2731.510009765625,2689.820068359375,2731.199951171875,3684910000
2018-02-16,2727.139892578125,2754.419921875,2725.110107421875,2732.219970703125,3637460000
2018-02-20,2722.989990234375,2737.60009765625,2706.760009765625,2716.260009765625,3627610000
2018-02-21,2720.530029296875,2747.75,2701.2900390625,2701.330078125,3779400000
2018-02-22,2710.419921875,2731.260009765625,2697.77001953125,2703.9599609375,3701270000
2018-02-23,2715.800048828125,2747.760009765625,2713.739990234375,2747.300048828125,3189190000
2018-02-26,2757.3701171875,2780.639892578125,2753.780029296875,2779.60009765625,3424650000
2018-02-27,2780.449951171875,2789.14990234375,2744.219970703125,2744.280029296875,3745080000
2018-02-28,2753.780029296875,2761.52001953125,2713.5400390625,2713.830078125,4230660000
2018-03-01,2715.219970703125,2730.889892578125,2659.64990234375,2677.669921875,4503970000
2018-03-02,2658.889892578125,2696.25,2647.320068359375,2691.25,3882450000
2018-03-05,2681.06005859375,2728.090087890625,2675.75,2720.93994140625,3710810000
2018-03-06,2730.179931640625,2732.080078125,2711.260009765625,2728.1201171875,3370690000
2018-03-07,2710.179931640625,2730.60009765625,2701.739990234375,2726.800048828125,3393270000
2018-03-08,2732.75,2740.449951171875,2722.64990234375,2738.969970703125,3212320000
2018-03-09,2752.909912109375,2786.570068359375,2751.5400390625,2786.570068359375,3364100000
2018-03-12,2790.5400390625,2796.97998046875,2779.260009765625,2783.02001953125,3185020000
2018-03-13,2792.31005859375,2801.89990234375,2758.679931640625,2765.31005859375,3301650000
2018-03-14,2774.06005859375,2777.110107421875,2744.3798828125,2749.47998046875,3391360000
2018-03-15,2754.27001953125,2763.030029296875,2741.469970703125,2747.330078125,3500330000
2018-03-16,2750.570068359375,2761.85009765625,2749.969970703125,2752.010009765625,5372340000
2018-03-19,2741.3798828125,2741.3798828125,2694.590087890625,2712.919921875,3302130000
2018-03-20,2715.050048828125,2724.219970703125,2710.050048828125,2716.93994140625,3261030000
2018-03-21,2714.989990234375,2739.139892578125,2709.7900390625,2711.929931640625,3415510000
2018-03-22,2691.360107421875,2695.679931640625,2641.590087890625,2643.68994140625,3739800000
2018-03-23,2646.7099609375,2657.669921875,2585.889892578125,2588.260009765625,3815080000
2018-03-26,2619.35009765625,2661.360107421875,2601.81005859375,2658.550048828125,3511100000
2018-03-27,2667.570068359375,2674.780029296875,2596.1201171875,2612.6201171875,3706350000
2018-03-28,2611.300048828125,2632.64990234375,2593.06005859375,2605.0,3864500000
2018-03-29,2614.409912109375,2659.070068359375,2609.719970703125,2640.8701171875,3565990000
2018-04-02,2633.449951171875,2638.300048828125,2553.800048828125,2581.8798828125,3598520000
2018-04-03,2592.169921875,2619.139892578125,2575.489990234375,2614.449951171875,3392810000
2018-04-04,2584.0400390625,2649.860107421875,2573.610107421875,2644.68994140625,3350340000
2018-04-05,2657.360107421875,2672.080078125,2649.580078125,2662.840087890625,3178970000
2018-04-06,2645.820068359375,2656.8798828125,2586.27001953125,2604.469970703125,3299700000
2018-04-09,2617.179931640625,2653.550048828125,2610.7900390625,2613.159912109375,3062960000
2018-04-10,2638.409912109375,2665.449951171875,2635.780029296875,2656.8701171875,3543930000
2018-04-11,2643.889892578125,2661.429931640625,2639.25,2642.18994140625,3020760000
2018-04-12,2653.830078125,2674.719970703125,2653.830078125,2663.989990234375,3021320000
2018-04-13,2676.89990234375,2680.260009765625,2645.050048828125,2656.300048828125,2960910000
2018-04-16,2670.10009765625,2686.489990234375,2665.159912109375,2677.840087890625,3019700000
2018-04-17,2692.739990234375,2713.340087890625,2692.050048828125,2706.389892578125,3234360000
2018-04-18,2710.110107421875,2717.489990234375,2703.6298828125,2708.639892578125,3383410000
2018-04-19,2701.159912109375,2702.840087890625,2681.89990234375,2693.1298828125,3349370000
2018-04-20,2692.56005859375,2693.93994140625,2660.610107421875,2670.139892578125,3388590000
2018-04-23,2675.39990234375,2682.860107421875,2657.989990234375,2670.2900390625,3017480000
2018-04-24,2680.800048828125,2683.550048828125,2617.320068359375,2634.56005859375,3706740000
2018-04-25,2634.919921875,2645.300048828125,2612.669921875,2639.39990234375,3499440000
2018-04-26,2651.64990234375,2676.47998046875,2647.159912109375,2666.93994140625,3665720000
2018-04-27,2675.469970703125,2677.35009765625,2659.010009765625,2669.909912109375,3219030000
2018-04-30,2682.510009765625,2682.8701171875,2648.0400390625,2648.050048828125,3734530000
2018-05-01,2642.9599609375,2655.27001953125,2625.409912109375,2654.800048828125,3559850000
2018-05-02,2654.239990234375,2660.8701171875,2631.699951171875,2635.669921875,4010770000
2018-05-03,2628.080078125,2637.139892578125,2594.6201171875,2629.72998046875,3851470000
2018-05-04,2621.449951171875,2670.929931640625,2615.320068359375,2663.419921875,3327220000
2018-05-07,2680.340087890625,2683.35009765625,2664.699951171875,2672.6298828125,3237960000
2018-05-08,2670.260009765625,2676.340087890625,2655.199951171875,2671.919921875,3717570000
2018-05-09,2678.1201171875,2701.27001953125,2674.139892578125,2697.7900390625,3909500000
2018-05-10,2705.02001953125,2726.110107421875,2704.5400390625,2723.070068359375,3333050000
2018-05-11,2722.699951171875,2732.860107421875,2717.449951171875,2727.719970703125,2862700000
2018-05-14,2738.469970703125,2742.10009765625,2725.469970703125,2730.1298828125,2972660000
2018-05-15,2718.590087890625,2718.590087890625,2701.909912109375,2711.449951171875,3290680000
2018-05-16,2712.6201171875,2727.760009765625,2712.169921875,2722.4599609375,3202670000
2018-05-17,2719.7099609375,2731.9599609375,2711.360107421875,2720.1298828125,3475400000
2018-05-18,2717.35009765625,2719.5,2709.179931640625,2712.969970703125,3368690000
2018-05-21,2735.389892578125,2739.18994140625,2725.699951171875,2733.010009765625,3019890000
2018-05-22,2738.340087890625,2742.239990234375,2721.8798828125,2724.43994140625,3366310000
2018-05-23,2713.97998046875,2733.330078125,2709.5400390625,2733.2900390625,3326290000
2018-05-24,2730.93994140625,2731.969970703125,2707.3798828125,2727.760009765625,3256030000
2018-05-25,2723.60009765625,2727.360107421875,2714.989990234375,2721.330078125,2995260000
2018-05-29,2705.110107421875,2710.669921875,2676.81005859375,2689.860107421875,3736890000
2018-05-30,2702.429931640625,2729.340087890625,2702.429931640625,2724.010009765625,3561050000
2018-05-31,2720.97998046875,2722.5,2700.679931640625,2705.27001953125,4235370000
2018-06-01,2718.699951171875,2736.929931640625,2718.699951171875,2734.6201171875,3684130000
2018-06-04,2741.669921875,2749.159912109375,2740.5400390625,2746.8701171875,3376510000
2018-06-05,2748.4599609375,2752.610107421875,2739.510009765625,2748.800048828125,3517790000
2018-06-06,2753.25,2772.389892578125,2748.4599609375,2772.35009765625,3651640000
2018-06-07,2774.840087890625,2779.89990234375,2760.159912109375,2770.3701171875,3711330000
2018-06-08,2765.840087890625,2779.389892578125,2763.590087890625,2779.030029296875,3123210000
2018-06-11,2780.179931640625,2790.2099609375,2780.169921875,2782.0,3232330000
2018-06-12,2785.60009765625,2789.800048828125,2778.780029296875,2786.85009765625,3401010000
2018-06-13,2787.93994140625,2791.469970703125,2774.64990234375,2775.6298828125,3779230000
2018-06-14,2783.2099609375,2789.06005859375,2776.52001953125,2782.489990234375,3526890000
2018-06-15,2777.780029296875,2782.81005859375,2761.72998046875,2779.659912109375,5428790000
2018-06-18,2765.7900390625,2774.989990234375,2757.1201171875,2773.75,3287150000
2018-06-19,2752.010009765625,2765.050048828125,2743.18994140625,2762.590087890625,3661470000
2018-06-20,2769.72998046875,2774.860107421875,2763.909912109375,2767.320068359375,3327600000
2018-06-21,2769.280029296875,2769.280029296875,2744.389892578125,2749.760009765625,3300060000
2018-06-22,2760.7900390625,2764.169921875,2752.679931640625,2754.8798828125,5450550000
2018-06-25,2742.93994140625,2742.93994140625,2698.669921875,2717.070068359375,3655080000
2018-06-26,2722.1201171875,2732.909912109375,2715.60009765625,2723.06005859375,3555090000
2018-06-27,2728.449951171875,2746.090087890625,2699.3798828125,2699.6298828125,3776090000
2018-06-28,2698.68994140625,2724.340087890625,2691.989990234375,2716.31005859375,3428140000
2018-06-29,2727.1298828125,2743.260009765625,2718.030029296875,2718.3701171875,3565620000
2018-07-02,2704.949951171875,2727.260009765625,2698.949951171875,2726.7099609375,3073650000
2018-07-03,2733.27001953125,2736.580078125,2711.159912109375,2713.219970703125,1911470000
2018-07-05,2724.18994140625,2737.830078125,2716.02001953125,2736.610107421875,2953420000
2018-07-06,2737.679931640625,2764.409912109375,2733.52001953125,2759.820068359375,2554780000
2018-07-09,2775.6201171875,2784.64990234375,2770.72998046875,2784.169921875,3050040000
2018-07-10,2788.56005859375,2795.580078125,2786.239990234375,2793.840087890625,3063850000
2018-07-11,2779.820068359375,2785.909912109375,2770.77001953125,2774.02001953125,2964740000
2018-07-12,2783.139892578125,2799.219970703125,2781.530029296875,2798.2900390625,2821690000
2018-07-13,2796.929931640625,2804.530029296875,2791.68994140625,2801.31005859375,2614000000
2018-07-16,2797.360107421875,2801.18994140625,2793.389892578125,2798.429931640625,2812230000
2018-07-17,2789.340087890625,2814.18994140625,2789.239990234375,2809.550048828125,3050730000
2018-07-18,2811.35009765625,2816.760009765625,2805.889892578125,2815.6201171875,3089780000
2018-07-19,2809.3701171875,2812.050048828125,2799.77001953125,2804.489990234375,3266700000
2018-07-20,2804.550048828125,2809.699951171875,2800.010009765625,2801.830078125,3230210000
2018-07-23,2799.169921875,2808.610107421875,2795.139892578125,2806.97998046875,2907430000
2018-07-24,2820.679931640625,2829.989990234375,2811.1201171875,2820.39990234375,3417530000
2018-07-25,2817.72998046875,2848.030029296875,2817.72998046875,2846.070068359375,3553010000
2018-07-26,2835.489990234375,2845.570068359375,2835.260009765625,2837.43994140625,3653330000
2018-07-27,2842.35009765625,2843.169921875,2808.340087890625,2818.820068359375,3415710000
2018-07-30,2819.0,2821.739990234375,2798.110107421875,2802.60009765625,3245770000
2018-07-31,2809.72998046875,2824.4599609375,2808.06005859375,2816.2900390625,3892100000
2018-08-01,2821.169921875,2825.830078125,2805.85009765625,2813.360107421875,3496990000
2018-08-02,2800.47998046875,2829.909912109375,2796.340087890625,2827.219970703125,3467380000
2018-08-03,2829.6201171875,2840.3798828125,2827.3701171875,2840.35009765625,3030390000
2018-08-06,2840.2900390625,2853.2900390625,2835.97998046875,2850.39990234375,2874540000
2018-08-07,2855.919921875,2863.429931640625,2855.919921875,2858.449951171875,3162770000
2018-08-08,2856.7900390625,2862.43994140625,2853.090087890625,2857.699951171875,2972200000
2018-08-09,2857.18994140625,2862.47998046875,2851.97998046875,2853.580078125,3047050000
2018-08-10,2838.89990234375,2842.199951171875,2825.81005859375,2833.280029296875,3256040000
2018-08-13,2835.4599609375,2843.39990234375,2819.8798828125,2821.929931640625,3158450000
2018-08-14,2827.8798828125,2843.110107421875,2826.580078125,2839.9599609375,2976970000
2018-08-15,2827.949951171875,2827.949951171875,2802.489990234375,2818.3701171875,3645070000
2018-08-16,2831.43994140625,2850.489990234375,2831.43994140625,2840.68994140625,3219880000
2018-08-17,2838.320068359375,2855.6298828125,2833.72998046875,2850.1298828125,3024100000
2018-08-20,2853.929931640625,2859.760009765625,2850.6201171875,2857.050048828125,2748020000
2018-08-21,2861.510009765625,2873.22998046875,2861.320068359375,2862.9599609375,3147140000
2018-08-22,2860.989990234375,2867.5400390625,2856.050048828125,2861.820068359375,2689560000
2018-08-23,2860.2900390625,2868.780029296875,2854.030029296875,2856.97998046875,2713910000
2018-08-24,2862.35009765625,2876.159912109375,2862.35009765625,2874.68994140625,2596190000
2018-08-27,2884.68994140625,2898.25,2884.68994140625,2896.739990234375,2854080000
2018-08-28,2901.449951171875,2903.77001953125,2893.5,2897.52001953125,2683190000
2018-08-29,2900.6201171875,2916.5,2898.39990234375,2914.0400390625,2791860000
2018-08-30,2908.93994140625,2912.4599609375,2895.219970703125,2901.1298828125,2802180000
2018-08-31,2898.3701171875,2906.320068359375,2891.72998046875,2901.52001953125,2880260000
2018-09-04,2896.9599609375,2900.179931640625,2885.1298828125,2896.719970703125,3077060000
2018-09-05,2891.590087890625,2894.2099609375,2876.919921875,2888.60009765625,3241250000
2018-09-06,2888.639892578125,2892.050048828125,2867.2900390625,2878.050048828125,3139590000
2018-09-07,2868.260009765625,2883.81005859375,2864.1201171875,2871.679931640625,2946270000
2018-09-10,2881.389892578125,2886.929931640625,2875.93994140625,2877.1298828125,2731400000
2018-09-11,2871.570068359375,2892.52001953125,2866.780029296875,2887.889892578125,2899660000
2018-09-12,2888.2900390625,2894.64990234375,2879.199951171875,2888.919921875,3264930000
2018-09-13,2896.85009765625,2906.760009765625,2896.389892578125,2904.179931640625,3254930000
2018-09-14,2906.3798828125,2908.300048828125,2895.77001953125,2904.97998046875,3149800000
2018-09-17,2903.830078125,2904.64990234375,2886.159912109375,2888.800048828125,2947760000
2018-09-18,2890.739990234375,2911.169921875,2890.429931640625,2904.31005859375,3074610000
2018-09-19,2906.60009765625,2912.360107421875,2903.820068359375,2907.949951171875,3280020000
2018-09-20,2919.72998046875,2934.800048828125,2919.72998046875,2930.75,3337730000
2018-09-21,2936.760009765625,2940.909912109375,2927.110107421875,2929.669921875,5607610000
2018-09-24,2921.830078125,2923.7900390625,2912.6298828125,2919.3701171875,3372210000
2018-09-25,2921.75,2923.949951171875,2913.699951171875,2915.56005859375,3285480000
2018-09-26,2916.97998046875,2931.14990234375,2903.280029296875,2905.969970703125,3388620000
2018-09-27,2911.64990234375,2927.219970703125,2909.27001953125,2914.0,3060850000
2018-09-28,2910.030029296875,2920.530029296875,2907.5,2913.97998046875,3432300000
2018-10-01,2926.2900390625,2937.06005859375,2917.909912109375,2924.590087890625,3364190000
2018-10-02,2923.800048828125,2931.419921875,2919.3701171875,2923.429931640625,3401880000
2018-10-03,2931.68994140625,2939.860107421875,2921.360107421875,2925.510009765625,3598710000
2018-10-04,2919.35009765625,2919.780029296875,2883.919921875,2901.610107421875,3496860000
2018-10-05,2902.5400390625,2909.639892578125,2869.2900390625,2885.570068359375,3328980000
2018-10-08,2877.530029296875,2889.449951171875,2862.080078125,2884.429931640625,3330320000
2018-10-09,2882.510009765625,2894.830078125,2874.27001953125,2880.340087890625,3520500000
2018-10-10,2873.89990234375,2874.02001953125,2784.860107421875,2785.679931640625,4501250000
2018-10-11,2776.8701171875,2795.139892578125,2710.510009765625,2728.3701171875,4890630000
2018-10-12,2770.5400390625,2775.77001953125,2729.43994140625,2767.1298828125,3966040000
2018-10-15,2763.830078125,2775.989990234375,2749.030029296875,2750.7900390625,3300140000
2018-10-16,2767.050048828125,2813.4599609375,2766.909912109375,2809.919921875,3428340000
2018-10-17,2811.669921875,2816.93994140625,2781.81005859375,2809.2099609375,3321710000
2018-10-18,2802.0,2806.0400390625,2755.179931640625,2768.780029296875,3616440000
2018-10-19,2775.659912109375,2797.77001953125,2760.27001953125,2767.780029296875,3566490000
2018-10-22,2773.93994140625,2778.93994140625,2749.219970703125,2755.8798828125,3307140000
2018-10-23,2721.030029296875,2753.590087890625,2691.429931640625,2740.68994140625,4348580000
2018-10-24,2737.8701171875,2742.590087890625,2651.889892578125,2656.10009765625,4709310000
2018-10-25,2674.8798828125,2722.699951171875,2667.840087890625,2705.570068359375,4634770000
2018-10-26,2667.860107421875,2692.3798828125,2628.159912109375,2658.68994140625,4803150000
2018-10-29,2682.64990234375,2706.85009765625,2603.5400390625,2641.25,4673700000
2018-10-30,2640.679931640625,2685.429931640625,2635.340087890625,2682.6298828125,5106380000
2018-10-31,2705.60009765625,2736.68994140625,2705.60009765625,2711.739990234375,5112420000
2018-11-01,2717.580078125,2741.669921875,2708.85009765625,2740.3701171875,4708420000
2018-11-02,2745.449951171875,2756.550048828125,2700.43994140625,2723.06005859375,4237930000
2018-11-05,2726.3701171875,2744.27001953125,2717.93994140625,2738.31005859375,3623320000
2018-11-06,2738.39990234375,2756.820068359375,2737.080078125,2755.449951171875,3510860000
2018-11-07,2774.1298828125,2815.14990234375,2774.1298828125,2813.889892578125,3914750000
2018-11-08,2806.3798828125,2814.75,2794.989990234375,2806.830078125,3630490000
2018-11-09,2794.10009765625,2794.10009765625,2764.239990234375,2781.010009765625,4019090000
2018-11-12,2773.929931640625,2775.989990234375,2722.0,2726.219970703125,3670930000
2018-11-13,2730.050048828125,2754.60009765625,2714.97998046875,2722.179931640625,4091440000
2018-11-14,2737.89990234375,2746.800048828125,2685.75,2701.580078125,4402370000
2018-11-15,2693.52001953125,2735.3798828125,2670.75,2730.199951171875,4179140000
2018-11-16,2718.5400390625,2746.75,2712.159912109375,2736.27001953125,3975180000
2018-11-19,2730.739990234375,2733.159912109375,2681.090087890625,2690.72998046875,3772900000
2018-11-20,2654.60009765625,2669.43994140625,2631.52001953125,2641.889892578125,4357900000
2018-11-21,2657.739990234375,2670.72998046875,2649.820068359375,2649.929931640625,3233550000
2018-11-23,2633.360107421875,2647.550048828125,2631.090087890625,2632.56005859375,1651650000
2018-11-26,2649.969970703125,2674.35009765625,2649.969970703125,2673.449951171875,3443950000
2018-11-27,2663.75,2682.530029296875,2655.889892578125,2682.169921875,3485220000
2018-11-28,2691.449951171875,2744.0,2684.3798828125,2743.7900390625,3951670000
2018-11-29,2736.969970703125,2753.75,2722.93994140625,2737.800048828125,3560770000
2018-11-30,2737.760009765625,2760.8798828125,2732.760009765625,2760.169921875,4658580000
2018-12-03,2790.5,2800.179931640625,2773.3798828125,2790.3701171875,4186060000
2018-12-04,2782.429931640625,2785.929931640625,2697.179931640625,2700.06005859375,4499840000
2018-12-06,2663.510009765625,2696.14990234375,2621.530029296875,2695.949951171875,5141470000
2018-12-07,2691.260009765625,2708.5400390625,2623.139892578125,2633.080078125,4216690000
2018-12-10,2630.860107421875,2647.510009765625,2583.22998046875,2637.719970703125,4151030000
2018-12-11,2664.43994140625,2674.35009765625,2621.300048828125,2636.780029296875,3905870000
2018-12-12,2658.22998046875,2685.43994140625,2650.260009765625,2651.070068359375,3958890000
2018-12-13,2658.699951171875,2670.18994140625,2637.27001953125,2650.5400390625,3927720000
2018-12-14,2629.679931640625,2635.070068359375,2593.840087890625,2599.949951171875,4035020000
2018-12-17,2590.75,2601.1298828125,2530.5400390625,2545.93994140625,4616350000
2018-12-18,2559.89990234375,2573.989990234375,2528.7099609375,2546.159912109375,4470880000
2018-12-19,2547.050048828125,2585.2900390625,2488.9599609375,2506.9599609375,5127940000
2018-12-20,2496.77001953125,2509.6298828125,2441.179931640625,2467.419921875,5585780000
2018-12-21,2465.3798828125,2504.409912109375,2408.550048828125,2416.6201171875,7609010000
2018-12-24,2400.56005859375,2410.340087890625,2351.10009765625,2351.10009765625,2613930000
2018-12-26,2363.1201171875,2467.760009765625,2346.580078125,2467.699951171875,4233990000
2018-12-27,2442.5,2489.10009765625,2397.93994140625,2488.830078125,4096610000
2018-12-28,2498.77001953125,2520.27001953125,2472.889892578125,2485.739990234375,3702620000
2018-12-31,2498.93994140625,2509.239990234375,2482.820068359375,2506.85009765625,3442870000
2019-01-02,2476.9599609375,2519.489990234375,2467.469970703125,2510.030029296875,3733160000
2019-01-03,2491.919921875,2493.139892578125,2443.9599609375,2447.889892578125,3822860000
2019-01-04,2474.330078125,2538.070068359375,2474.330078125,2531.93994140625,4213410000
2019-01-07,2535.610107421875,2566.159912109375,2524.56005859375,2549.68994140625,4104710000
2019-01-08,2568.110107421875,2579.820068359375,2547.56005859375,2574.409912109375,4083030000
2019-01-09,2580.0,2595.320068359375,2568.889892578125,2584.9599609375,4052480000
2019-01-10,2573.510009765625,2597.820068359375,2562.02001953125,2596.639892578125,3704500000
2019-01-11,2588.110107421875,2596.27001953125,2577.39990234375,2596.260009765625,3434490000
2019-01-14,2580.31005859375,2589.320068359375,2570.409912109375,2582.610107421875,3664450000
2019-01-15,2585.10009765625,2613.080078125,2585.10009765625,2610.300048828125,3572330000
2019-01-16,2614.75,2625.760009765625,2612.679931640625,2616.10009765625,3863770000
2019-01-17,2609.280029296875,2645.06005859375,2606.360107421875,2635.9599609375,3772270000
2019-01-18,2651.27001953125,2675.469970703125,2647.580078125,2670.7099609375,3986730000
2019-01-22,2657.8798828125,2657.8798828125,2617.27001953125,2632.89990234375,3908030000
2019-01-23,2643.47998046875,2653.18994140625,2612.860107421875,2638.699951171875,3335610000
2019-01-24,2638.840087890625,2647.199951171875,2627.010009765625,2642.330078125,3433250000
2019-01-25,2657.43994140625,2672.3798828125,2657.330078125,2664.760009765625,3814080000
2019-01-28,2644.969970703125,2644.969970703125,2624.06005859375,2643.85009765625,3612810000
2019-01-29,2644.889892578125,2650.929931640625,2631.050048828125,2640.0,3504200000
2019-01-30,2653.6201171875,2690.43994140625,2648.340087890625,2681.050048828125,3867810000
2019-01-31,2685.489990234375,2708.949951171875,2678.64990234375,2704.10009765625,4917650000
2019-02-01,2702.320068359375,2716.659912109375,2696.8798828125,2706.530029296875,3759270000
2019-02-04,2706.489990234375,2724.989990234375,2698.75,2724.8701171875,3359840000
2019-02-05,2728.340087890625,2738.97998046875,2724.030029296875,2737.699951171875,3560430000
2019-02-06,2735.050048828125,2738.080078125,2724.14990234375,2731.610107421875,3472690000
2019-02-07,2717.530029296875,2719.320068359375,2687.260009765625,2706.050048828125,4099490000
2019-02-08,2692.360107421875,2708.070068359375,2681.830078125,2707.8798828125,3622330000
2019-02-11,2712.39990234375,2718.050048828125,2703.7900390625,2709.800048828125,3361970000
2019-02-12,2722.610107421875,2748.18994140625,2722.610107421875,2744.72998046875,3827770000
2019-02-13,2750.300048828125,2761.85009765625,2748.6298828125,2753.030029296875,3670770000
2019-02-14,2743.5,2757.89990234375,2731.22998046875,2745.72998046875,3836700000
2019-02-15,2760.239990234375,2775.659912109375,2760.239990234375,2775.60009765625,3641370000
2019-02-19,2769.280029296875,2787.330078125,2767.2900390625,2779.760009765625,3533710000
2019-02-20,2779.050048828125,2789.8798828125,2774.06005859375,2784.699951171875,3835450000
2019-02-21,2780.239990234375,2781.580078125,2764.550048828125,2774.8798828125,3559710000
2019-02-22,2780.669921875,2794.199951171875,2779.110107421875,2792.669921875,3427810000
2019-02-25,2804.35009765625,2813.489990234375,2794.989990234375,2796.110107421875,3804380000
2019-02-26,2792.360107421875,2803.1201171875,2789.469970703125,2793.89990234375,3645680000
2019-02-27,2787.5,2795.760009765625,2775.1298828125,2792.3798828125,3767130000
2019-02-28,2788.110107421875,2793.72998046875,2782.510009765625,2784.489990234375,4396930000
2019-03-01,2798.219970703125,2808.02001953125,2787.3798828125,2803.68994140625,3972280000
2019-03-04,2814.3701171875,2816.8798828125,2767.659912109375,2792.81005859375,3919810000
2019-03-05,2794.409912109375,2796.43994140625,2782.969970703125,2789.64990234375,3585690000
2019-03-06,2790.27001953125,2790.27001953125,2768.68994140625,2771.449951171875,3786600000
2019-03-07,2766.530029296875,2767.25,2739.090087890625,2748.929931640625,3904860000
2019-03-08,2730.7900390625,2744.1298828125,2722.27001953125,2743.070068359375,3423130000
2019-03-11,2747.610107421875,2784.0,2747.610107421875,2783.300048828125,3749030000
2019-03-12,2787.340087890625,2798.320068359375,2786.72998046875,2791.52001953125,3414230000
2019-03-13,2799.780029296875,2821.239990234375,2799.780029296875,2810.919921875,3766150000
2019-03-14,2810.3798828125,2815.0,2803.4599609375,2808.47998046875,3469730000
2019-03-15,2810.7900390625,2830.72998046875,2810.7900390625,2822.47998046875,5962730000
2019-03-18,2822.610107421875,2835.409912109375,2821.989990234375,2832.93994140625,3552190000
2019-03-19,2840.760009765625,2852.419921875,2823.27001953125,2832.570068359375,3620220000
2019-03-20,2831.340087890625,2843.5400390625,2812.429931640625,2824.22998046875,3771200000
2019-03-21,2819.719970703125,2860.31005859375,2817.3798828125,2854.8798828125,3546800000
2019-03-22,2844.52001953125,2846.159912109375,2800.469970703125,2800.7099609375,4237200000
2019-03-25,2796.010009765625,2809.7900390625,2785.02001953125,2798.360107421875,3376580000
2019-03-26,2812.659912109375,2829.8701171875,2803.989990234375,2818.4599609375,3266050000
2019-03-27,2819.719970703125,2825.56005859375,2787.719970703125,2805.3701171875,3372930000
2019-03-28,2809.39990234375,2819.7099609375,2798.77001953125,2815.43994140625,3158170000
2019-03-29,2828.27001953125,2836.030029296875,2819.22998046875,2834.39990234375,3740700000
2019-04-01,2848.6298828125,2869.39990234375,2848.6298828125,2867.18994140625,3500760000
2019-04-02,2868.239990234375,2872.89990234375,2858.75,2867.239990234375,3246900000
2019-04-03,2876.090087890625,2885.25,2865.169921875,2873.39990234375,3550240000
2019-04-04,2873.989990234375,2881.280029296875,2867.139892578125,2879.389892578125,3015180000
2019-04-05,2884.159912109375,2893.239990234375,2882.989990234375,2892.739990234375,3146820000
2019-04-08,2888.4599609375,2895.949951171875,2880.780029296875,2895.77001953125,3054030000
2019-04-09,2886.580078125,2886.8798828125,2873.330078125,2878.199951171875,3007980000
2019-04-10,2881.3701171875,2889.7099609375,2879.1298828125,2888.2099609375,3062380000
2019-04-11,2891.919921875,2893.419921875,2881.989990234375,2888.320068359375,2938540000
2019-04-12,2900.860107421875,2910.5400390625,2898.3701171875,2907.409912109375,3688490000
2019-04-15,2908.320068359375,2909.60009765625,2896.47998046875,2905.580078125,3088330000
2019-04-16,2912.260009765625,2916.06005859375,2900.7099609375,2907.06005859375,3402210000
2019-04-17,2916.0400390625,2918.0,2895.449951171875,2900.449951171875,3602300000
2019-04-18,2904.81005859375,2908.39990234375,2891.89990234375,2905.030029296875,3506850000
2019-04-22,2898.780029296875,2909.510009765625,2896.35009765625,2907.969970703125,2997950000
2019-04-23,2909.989990234375,2936.31005859375,2908.530029296875,2933.679931640625,3635030000
2019-04-24,2934.0,2936.830078125,2926.050048828125,2927.25,3448960000
2019-04-25,2928.989990234375,2933.10009765625,2912.840087890625,2926.169921875,3425280000
2019-04-26,2925.81005859375,2939.8798828125,2917.56005859375,2939.8798828125,3248500000
2019-04-29,2940.580078125,2949.52001953125,2939.35009765625,2943.030029296875,3118780000
2019-04-30,2937.139892578125,2948.219970703125,2924.110107421875,2945.830078125,3919330000
2019-05-01,2952.330078125,2954.1298828125,2923.360107421875,2923.72998046875,3645850000
2019-05-02,2922.159912109375,2931.679931640625,2900.5,2917.52001953125,3778890000
2019-05-03,2929.2099609375,2947.85009765625,2929.2099609375,2945.639892578125,3338120000
2019-05-06,2908.889892578125,2937.320068359375,2898.2099609375,2932.469970703125,3181520000
2019-05-07,2913.030029296875,2913.030029296875,2862.60009765625,2884.050048828125,3767100000
2019-05-08,2879.610107421875,2897.9599609375,2873.280029296875,2879.419921875,3485790000
2019-05-09,2859.840087890625,2875.969970703125,2836.39990234375,2870.719970703125,3638820000
2019-05-10,2863.10009765625,2891.31005859375,2825.389892578125,2881.39990234375,3529600000
2019-05-13,2840.18994140625,2840.18994140625,2801.429931640625,2811.8701171875,3894030000
2019-05-14,2820.1201171875,2852.5400390625,2820.1201171875,2834.409912109375,3322720000
2019-05-15,2820.3798828125,2858.679931640625,2815.080078125,2850.9599609375,3125950000
2019-05-16,2855.800048828125,2892.14990234375,2855.800048828125,2876.320068359375,3338060000
2019-05-17,2858.60009765625,2885.47998046875,2854.22998046875,2859.530029296875,3257950000
2019-05-20,2841.93994140625,2853.860107421875,2831.2900390625,2840.22998046875,3288870000
2019-05-21,2854.02001953125,2868.8798828125,2854.02001953125,2864.360107421875,3218700000
2019-05-22,2856.06005859375,2865.469970703125,2851.110107421875,2856.27001953125,3192510000
2019-05-23,2836.699951171875,2836.699951171875,2805.489990234375,2822.239990234375,3891980000
2019-05-24,2832.409912109375,2841.360107421875,2820.18994140625,2826.06005859375,2887390000
2019-05-28,2830.030029296875,2840.510009765625,2801.580078125,2802.389892578125,4121410000
2019-05-29,2790.25,2792.030029296875,2766.06005859375,2783.02001953125,3700050000
2019-05-30,2786.93994140625,2799.0,2776.739990234375,2788.860107421875,3273790000
2019-05-31,2766.14990234375,2768.97998046875,2750.52001953125,2752.06005859375,3981020000
2019-06-03,2751.530029296875,2763.070068359375,2728.81005859375,2744.449951171875,3966700000
2019-06-04,2762.639892578125,2804.489990234375,2762.639892578125,2803.27001953125,3810430000
2019-06-05,2818.090087890625,2827.280029296875,2800.919921875,2826.14990234375,3548830000
2019-06-06,2828.510009765625,2852.10009765625,2822.449951171875,2843.489990234375,3396410000
2019-06-07,2852.8701171875,2884.969970703125,2852.8701171875,2873.340087890625,3220250000
2019-06-10,2885.830078125,2904.77001953125,2885.510009765625,2886.72998046875,3209210000
2019-06-11,2903.27001953125,2910.610107421875,2878.530029296875,2885.719970703125,3548420000
2019-06-12,2882.72998046875,2888.570068359375,2874.679931640625,2879.840087890625,3034130000
2019-06-13,2886.239990234375,2895.239990234375,2881.989990234375,2891.639892578125,3069810000
2019-06-14,2886.820068359375,2894.449951171875,2879.6201171875,2886.97998046875,2922330000
2019-06-17,2889.75,2897.27001953125,2887.300048828125,2889.669921875,2810140000
2019-06-18,2906.7099609375,2930.7900390625,2905.43994140625,2917.75,3437620000
2019-06-19,2920.550048828125,2931.739990234375,2911.429931640625,2926.4599609375,3287890000
2019-06-20,2949.60009765625,2958.06005859375,2931.5,2954.179931640625,3905940000
2019-06-21,2952.7099609375,2964.14990234375,2946.8701171875,2950.4599609375,5000120000
2019-06-24,2951.419921875,2954.919921875,2944.050048828125,2945.35009765625,3136250000
2019-06-25,2945.780029296875,2946.52001953125,2916.010009765625,2917.3798828125,3578050000
2019-06-26,2926.070068359375,2932.590087890625,2912.989990234375,2913.780029296875,3478130000
2019-06-27,2919.659912109375,2929.300048828125,2918.570068359375,2924.919921875,3122920000
2019-06-28,2932.93994140625,2943.97998046875,2929.050048828125,2941.760009765625,5420700000
2019-07-01,2971.409912109375,2977.929931640625,2952.219970703125,2964.330078125,3513270000
2019-07-02,2964.659912109375,2973.2099609375,2955.919921875,2973.010009765625,3206840000
2019-07-03,2978.080078125,2995.840087890625,2977.9599609375,2995.820068359375,1963720000
2019-07-05,2984.25,2994.030029296875,2967.969970703125,2990.409912109375,2434210000
2019-07-08,2979.77001953125,2980.760009765625,2970.090087890625,2975.949951171875,2904550000
2019-07-09,2965.52001953125,2981.89990234375,2963.43994140625,2979.6298828125,3028210000
2019-07-10,2989.300048828125,3002.97998046875,2984.6201171875,2993.070068359375,3154240000
2019-07-11,2999.6201171875,3002.330078125,2988.800048828125,2999.909912109375,3154620000
2019-07-12,3003.360107421875,3013.919921875,3001.8701171875,3013.77001953125,2974960000
2019-07-15,3017.800048828125,3017.800048828125,3008.77001953125,3014.300048828125,2874970000
2019-07-16,3012.1298828125,3015.02001953125,3001.14990234375,3004.0400390625,3290650000
2019-07-17,3005.10009765625,3005.260009765625,2984.25,2984.419921875,3181600000
2019-07-18,2978.8701171875,2998.280029296875,2973.090087890625,2995.110107421875,3296580000
2019-07-19,3004.260009765625,3006.02001953125,2975.860107421875,2976.610107421875,3260360000
2019-07-22,2981.929931640625,2990.7099609375,2976.64990234375,2985.030029296875,3003720000
2019-07-23,2994.739990234375,3005.89990234375,2988.56005859375,3005.469970703125,3313660000
2019-07-24,2998.77001953125,3019.590087890625,2996.820068359375,3019.56005859375,3428980000
2019-07-25,3016.260009765625,3016.31005859375,2997.239990234375,3003.669921875,3645270000
2019-07-26,3013.25,3027.97998046875,3012.590087890625,3025.860107421875,3257590000
2019-07-29,3024.469970703125,3025.610107421875,3014.300048828125,3020.969970703125,3203710000
2019-07-30,3007.659912109375,3017.18994140625,3000.93994140625,3013.179931640625,3634330000
2019-07-31,3016.219970703125,3017.39990234375,2958.080078125,2980.3798828125,4623430000
2019-08-01,2980.320068359375,3013.590087890625,2945.22998046875,2953.56005859375,4762300000
2019-08-02,2943.89990234375,2945.5,2914.110107421875,2932.050048828125,3874660000
2019-08-05,2898.070068359375,2898.070068359375,2822.1201171875,2844.739990234375,4513730000
2019-08-06,2861.179931640625,2884.39990234375,2847.419921875,2881.77001953125,4154240000
2019-08-07,2858.64990234375,2892.169921875,2825.7099609375,2883.97998046875,4491750000
2019-08-08,2896.2099609375,2938.719970703125,2894.469970703125,2938.090087890625,4106370000
2019-08-09,2930.510009765625,2935.75,2900.14990234375,2918.64990234375,3350640000
2019-08-12,2907.070068359375,2907.580078125,2873.139892578125,2882.699951171875,2851630000
2019-08-13,2880.719970703125,2943.31005859375,2877.050048828125,2926.320068359375,3853600000
2019-08-14,2894.14990234375,2894.14990234375,2839.639892578125,2840.60009765625,4312530000
2019-08-15,2846.199951171875,2856.669921875,2825.510009765625,2847.60009765625,4038000000
2019-08-16,2864.739990234375,2893.6298828125,2864.739990234375,2888.679931640625,3498150000
2019-08-19,2913.47998046875,2931.0,2913.47998046875,2923.64990234375,3212880000
2019-08-20,2919.010009765625,2923.6298828125,2899.60009765625,2900.510009765625,3066300000
2019-08-21,2922.0400390625,2928.72998046875,2917.909912109375,2924.429931640625,3011190000
2019-08-22,2930.93994140625,2939.080078125,2904.510009765625,2922.949951171875,2890880000
2019-08-23,2911.070068359375,2927.010009765625,2834.969970703125,2847.110107421875,3937300000
2019-08-26,2866.699951171875,2879.27001953125,2856.0,2878.3798828125,2857600000
2019-08-27,2893.139892578125,2898.7900390625,2860.590087890625,2869.159912109375,3533630000
2019-08-28,2861.280029296875,2890.030029296875,2853.050048828125,2887.93994140625,3097420000
2019-08-29,2910.3701171875,2930.5,2905.669921875,2924.580078125,3176190000
2019-08-30,2937.090087890625,2940.429931640625,2913.320068359375,2926.4599609375,3008450000
2019-09-03,2909.010009765625,2914.389892578125,2891.85009765625,2906.27001953125,3426790000
2019-09-04,2924.669921875,2938.840087890625,2921.860107421875,2937.780029296875,3163260000
2019-09-05,2960.60009765625,2985.860107421875,2960.60009765625,2976.0,3890700000
2019-09-06,2980.330078125,2985.030029296875,2972.510009765625,2978.7099609375,3208280000
2019-09-09,2988.429931640625,2989.429931640625,2969.389892578125,2978.429931640625,4002890000
2019-09-10,2971.010009765625,2979.389892578125,2957.010009765625,2979.389892578125,4390770000
2019-09-11,2981.409912109375,3000.929931640625,2975.31005859375,3000.929931640625,3927550000
2019-09-12,3009.080078125,3020.739990234375,3000.919921875,3009.570068359375,3791860000
2019-09-13,3012.2099609375,3017.330078125,3002.89990234375,3007.389892578125,3520060000
2019-09-16,2996.409912109375,3002.18994140625,2990.669921875,2997.9599609375,4274640000
2019-09-17,2995.669921875,3006.2099609375,2993.72998046875,3005.699951171875,3671840000
2019-09-18,3001.5,3007.830078125,2978.570068359375,3006.72998046875,3435540000
2019-09-19,3010.360107421875,3021.989990234375,3003.159912109375,3006.7900390625,3251290000
2019-09-20,3008.419921875,3016.3701171875,2984.679931640625,2992.070068359375,6094740000
2019-09-23,2983.5,2999.14990234375,2982.22998046875,2991.780029296875,3186590000
2019-09-24,3002.429931640625,3007.97998046875,2957.72998046875,2966.60009765625,3868160000
2019-09-25,2968.35009765625,2989.820068359375,2952.860107421875,2984.8701171875,3318870000
2019-09-26,2985.72998046875,2987.280029296875,2963.7099609375,2977.6201171875,3077240000
2019-09-27,2985.469970703125,2987.31005859375,2945.530029296875,2961.7900390625,3243650000
2019-09-30,2967.070068359375,2983.85009765625,2967.070068359375,2976.739990234375,3247610000
2019-10-01,2983.68994140625,2992.530029296875,2938.699951171875,2940.25,3558040000
2019-10-02,2924.780029296875,2924.780029296875,2874.929931640625,2887.610107421875,3912520000
2019-10-03,2885.3798828125,2911.1298828125,2855.93994140625,2910.6298828125,3503640000
2019-10-04,2918.56005859375,2953.739990234375,2918.56005859375,2952.010009765625,2990830000
2019-10-07,2944.22998046875,2959.75,2935.679931640625,2938.7900390625,2940140000
2019-10-08,2920.39990234375,2925.469970703125,2892.659912109375,2893.06005859375,3356450000
2019-10-09,2911.10009765625,2929.320068359375,2907.409912109375,2919.39990234375,2726820000
2019-10-10,2918.550048828125,2948.4599609375,2917.1201171875,2938.1298828125,3217250000
2019-10-11,2963.070068359375,2993.280029296875,2963.070068359375,2970.27001953125,3580460000
2019-10-14,2965.81005859375,2972.840087890625,2962.93994140625,2966.14990234375,2557020000
2019-10-15,2973.610107421875,3003.280029296875,2973.610107421875,2995.679931640625,3340740000
2019-10-16,2989.679931640625,2997.5400390625,2985.199951171875,2989.68994140625,3222570000
2019-10-17,3000.77001953125,3008.2900390625,2991.7900390625,2997.949951171875,3115960000
2019-10-18,2996.840087890625,3000.0,2976.31005859375,2986.199951171875,3264290000
2019-10-21,2996.47998046875,3007.330078125,2995.35009765625,3006.719970703125,3271620000
2019-10-22,3010.72998046875,3014.570068359375,2995.0400390625,2995.989990234375,3523890000
2019-10-23,2994.010009765625,3004.780029296875,2991.2099609375,3004.52001953125,3392870000
2019-10-24,3014.780029296875,3016.070068359375,3000.419921875,3010.2900390625,3692600000
2019-10-25,3003.320068359375,3027.389892578125,3001.93994140625,3022.550048828125,3370370000
2019-10-28,3032.1201171875,3044.080078125,3032.1201171875,3039.419921875,3521230000
2019-10-29,3035.389892578125,3047.8701171875,3034.81005859375,3036.889892578125,3589930000
2019-10-30,3039.739990234375,3050.10009765625,3025.9599609375,3046.77001953125,3776030000
2019-10-31,3046.89990234375,3046.89990234375,3023.18994140625,3037.56005859375,4139280000
2019-11-01,3050.719970703125,3066.949951171875,3050.719970703125,3066.909912109375,3930200000
2019-11-04,3078.9599609375,3085.199951171875,3074.8701171875,3078.27001953125,4146850000
2019-11-05,3080.800048828125,3083.949951171875,3072.14990234375,3074.6201171875,4486130000
2019-11-06,3075.10009765625,3078.340087890625,3065.889892578125,3076.780029296875,4458190000
2019-11-07,3087.02001953125,3097.77001953125,3080.22998046875,3085.179931640625,4144640000
2019-11-08,3081.25,3093.090087890625,3073.580078125,3093.080078125,3499150000
2019-11-11,3080.330078125,3088.330078125,3075.820068359375,3087.010009765625,3035530000
2019-11-12,3089.280029296875,3102.610107421875,3084.72998046875,3091.840087890625,3466010000
2019-11-13,3084.179931640625,3098.06005859375,3078.800048828125,3094.0400390625,3509280000
2019-11-14,3090.75,3098.199951171875,3083.260009765625,3096.6298828125,3276070000
2019-11-15,3107.919921875,3120.4599609375,3104.60009765625,3120.4599609375,3335650000
2019-11-18,3117.909912109375,3124.169921875,3112.06005859375,3122.030029296875,3436690000
2019-11-19,3127.449951171875,3127.639892578125,3113.469970703125,3120.179931640625,3590070000
2019-11-20,3114.659912109375,3118.969970703125,3091.409912109375,3108.4599609375,4034890000
2019-11-21,3108.489990234375,3110.110107421875,3094.550048828125,3103.5400390625,3720560000
2019-11-22,3111.409912109375,3112.8701171875,3099.260009765625,3110.2900390625,3226780000
2019-11-25,3117.43994140625,3133.830078125,3117.43994140625,3133.639892578125,3511530000
2019-11-26,3134.85009765625,3142.68994140625,3131.0,3140.52001953125,4595590000
2019-11-27,3145.489990234375,3154.260009765625,3143.409912109375,3153.6298828125,3033090000
2019-11-29,3147.179931640625,3150.300048828125,3139.340087890625,3140.97998046875,1743020000
2019-12-02,3143.85009765625,3144.31005859375,3110.780029296875,3113.8701171875,3268740000
2019-12-03,3087.409912109375,3094.969970703125,3070.330078125,3093.199951171875,3653390000
2019-12-04,3103.5,3119.3798828125,3102.530029296875,3112.760009765625,3695030000
2019-12-05,3119.2099609375,3119.449951171875,3103.760009765625,3117.429931640625,3355750000
2019-12-06,3134.6201171875,3150.60009765625,3134.6201171875,3145.909912109375,3479480000
2019-12-09,3141.860107421875,3148.8701171875,3135.4599609375,3135.9599609375,3345990000
2019-12-10,3135.360107421875,3142.1201171875,3126.090087890625,3132.52001953125,3343790000
2019-12-11,3135.75,3143.97998046875,3133.2099609375,3141.6298828125,3252540000
2019-12-12,3141.22998046875,3176.280029296875,3138.469970703125,3168.570068359375,3990690000
2019-12-13,3166.64990234375,3182.679931640625,3156.510009765625,3168.800048828125,3736870000
2019-12-16,3183.6298828125,3197.7099609375,3183.6298828125,3191.449951171875,4051790000
2019-12-17,3195.39990234375,3198.219970703125,3191.030029296875,3192.52001953125,3837540000
2019-12-18,3195.2099609375,3198.47998046875,3191.139892578125,3191.139892578125,4014080000
2019-12-19,3192.320068359375,3205.47998046875,3192.320068359375,3205.3701171875,3720450000
2019-12-20,3223.330078125,3225.64990234375,3216.030029296875,3221.219970703125,6454270000
2019-12-23,3226.050048828125,3227.780029296875,3222.300048828125,3224.010009765625,3060610000
2019-12-24,3225.449951171875,3226.429931640625,3220.510009765625,3223.3798828125,1296540000
2019-12-26,3227.199951171875,3240.080078125,3227.199951171875,3239.909912109375,2160680000
2019-12-27,3247.22998046875,3247.929931640625,3234.3701171875,3240.02001953125,2428670000
2019-12-30,3240.090087890625,3240.919921875,3216.570068359375,3221.2900390625,3013290000
2019-12-31,3215.179931640625,3231.719970703125,3212.030029296875,3230.780029296875,2893810000
2020-01-02,3244.669921875,3258.139892578125,3235.530029296875,3257.85009765625,3458250000
2020-01-03,3226.360107421875,3246.14990234375,3222.340087890625,3234.85009765625,3461290000
2020-01-06,3217.550048828125,3246.840087890625,3214.639892578125,3246.280029296875,3674070000
2020-01-07,3241.860107421875,3244.909912109375,3232.429931640625,3237.179931640625,3420380000
2020-01-08,3238.590087890625,3267.070068359375,3236.669921875,3253.050048828125,3720890000
2020-01-09,3266.030029296875,3275.580078125,3263.669921875,3274.699951171875,3638390000
2020-01-10,3281.81005859375,3282.989990234375,3260.860107421875,3265.35009765625,3212970000
2020-01-13,3271.1298828125,3288.1298828125,3268.429931640625,3288.1298828125,3456380000
2020-01-14,3285.35009765625,3294.25,3277.18994140625,3283.14990234375,3665130000
2020-01-15,3282.27001953125,3298.659912109375,3280.68994140625,3289.2900390625,3716840000
2020-01-16,3302.969970703125,3317.110107421875,3302.820068359375,3316.81005859375,3535080000
2020-01-17,3323.659912109375,3329.8798828125,3318.860107421875,3329.6201171875,3698170000
2020-01-21,3321.030029296875,3329.7900390625,3316.610107421875,3320.7900390625,4105340000
2020-01-22,3330.02001953125,3337.77001953125,3320.0400390625,3321.75,3619850000
2020-01-23,3315.77001953125,3326.8798828125,3301.8701171875,3325.5400390625,3764860000
2020-01-24,3333.10009765625,3333.179931640625,3281.530029296875,3295.469970703125,3707130000
2020-01-27,3247.159912109375,3258.85009765625,3234.5,3243.6298828125,3823100000
2020-01-28,3255.35009765625,3285.780029296875,3253.219970703125,3276.239990234375,3526720000
2020-01-29,3289.4599609375,3293.469970703125,3271.889892578125,3273.39990234375,3584500000
2020-01-30,3256.449951171875,3285.909912109375,3242.800048828125,3283.659912109375,3787250000
2020-01-31,3282.330078125,3282.330078125,3214.679931640625,3225.52001953125,4527830000
2020-02-03,3235.659912109375,3268.43994140625,3235.659912109375,3248.919921875,3757910000
2020-02-04,3280.610107421875,3306.919921875,3280.610107421875,3297.590087890625,3995320000
2020-02-05,3324.909912109375,3337.580078125,3313.75,3334.68994140625,4117730000
2020-02-06,3344.919921875,3347.9599609375,3334.389892578125,3345.780029296875,3868370000
2020-02-07,3335.5400390625,3341.419921875,3322.1201171875,3327.7099609375,3730650000
2020-02-10,3318.280029296875,3352.260009765625,3317.77001953125,3352.090087890625,3450350000
2020-02-11,3365.8701171875,3375.6298828125,3352.719970703125,3357.75,3760550000
2020-02-12,3370.5,3381.469970703125,3369.719970703125,3379.449951171875,3926380000
2020-02-13,3365.89990234375,3385.090087890625,3360.52001953125,3373.93994140625,3498240000
2020-02-14,3378.080078125,3380.68994140625,3366.14990234375,3380.159912109375,3398040000
2020-02-18,3369.0400390625,3375.010009765625,3355.610107421875,3370.2900390625,3746720000
2020-02-19,3380.389892578125,3393.52001953125,3378.830078125,3386.14990234375,3600150000
2020-02-20,3380.449951171875,3389.14990234375,3341.02001953125,3373.22998046875,4007320000
2020-02-21,3360.5,3360.760009765625,3328.449951171875,3337.75,3899270000
2020-02-24,3257.610107421875,3259.81005859375,3214.64990234375,3225.889892578125,4842960000
2020-02-25,3238.93994140625,3246.989990234375,3118.77001953125,3128.2099609375,5591510000
2020-02-26,3139.89990234375,3182.510009765625,3108.989990234375,3116.389892578125,5478110000
2020-02-27,3062.5400390625,3097.070068359375,2977.389892578125,2978.760009765625,7058840000
2020-02-28,2916.89990234375,2959.719970703125,2855.840087890625,2954.219970703125,8563850000
2020-03-02,2974.280029296875,3090.9599609375,2945.18994140625,3090.22998046875,6376400000
2020-03-03,3096.4599609375,3136.719970703125,2976.6298828125,3003.3701171875,6355940000
2020-03-04,3045.75,3130.969970703125,3034.3798828125,3130.1201171875,5035480000
2020-03-05,3075.699951171875,3083.0400390625,2999.830078125,3023.93994140625,5575550000
2020-03-06,2954.199951171875,2985.929931640625,2901.5400390625,2972.3701171875,6552140000
2020-03-09,2863.889892578125,2863.889892578125,2734.429931640625,2746.56005859375,8423050000
2020-03-10,2813.47998046875,2882.590087890625,2734.0,2882.22998046875,7635960000
2020-03-11,2825.60009765625,2825.60009765625,2707.219970703125,2741.3798828125,7374110000
2020-03-12,2630.860107421875,2660.949951171875,2478.860107421875,2480.639892578125,8829380000
2020-03-13,2569.989990234375,2711.330078125,2492.3701171875,2711.02001953125,8258670000
2020-03-16,2508.590087890625,2562.97998046875,2380.93994140625,2386.1298828125,7781540000
2020-03-17,2425.659912109375,2553.929931640625,2367.0400390625,2529.18994140625,8358500000
2020-03-18,2436.5,2453.570068359375,2280.52001953125,2398.10009765625,8755780000
2020-03-19,2393.47998046875,2466.969970703125,2319.780029296875,2409.389892578125,7946710000
2020-03-20,2431.93994140625,2453.010009765625,2295.56005859375,2304.919921875,9044690000
2020-03-23,2290.7099609375,2300.72998046875,2191.860107421875,2237.39990234375,7402180000
2020-03-24,2344.43994140625,2449.7099609375,2344.43994140625,2447.330078125,7547350000
2020-03-25,2457.77001953125,2571.419921875,2407.530029296875,2475.56005859375,8285670000
2020-03-26,2501.2900390625,2637.010009765625,2500.719970703125,2630.070068359375,7753160000
2020-03-27,2555.8701171875,2615.909912109375,2520.02001953125,2541.469970703125,6194330000
2020-03-30,2558.97998046875,2631.800048828125,2545.280029296875,2626.64990234375,5746220000
2020-03-31,2614.68994140625,2641.389892578125,2571.14990234375,2584.590087890625,6568290000
2020-04-01,2498.080078125,2522.75,2447.489990234375,2470.5,5947900000
2020-04-02,2458.5400390625,2533.219970703125,2455.7900390625,2526.89990234375,6454990000
2020-04-03,2514.919921875,2538.179931640625,2459.9599609375,2488.64990234375,6087190000
2020-04-06,2578.280029296875,2676.85009765625,2574.570068359375,2663.679931640625,6391860000
2020-04-07,2738.64990234375,2756.889892578125,2657.669921875,2659.409912109375,7040720000
2020-04-08,2685.0,2760.75,2663.300048828125,2749.97998046875,5856370000
2020-04-09,2776.989990234375,2818.570068359375,2762.360107421875,2789.820068359375,7880140000
2020-04-13,2782.4599609375,2782.4599609375,2721.169921875,2761.6298828125,5274310000
2020-04-14,2805.10009765625,2851.85009765625,2805.10009765625,2846.06005859375,5567400000
2020-04-15,2795.639892578125,2801.8798828125,2761.5400390625,2783.360107421875,5203390000
2020-04-16,2799.340087890625,2806.510009765625,2764.320068359375,2799.550048828125,5179990000
2020-04-17,2842.429931640625,2879.219970703125,2830.8798828125,2874.56005859375,5792140000
2020-04-20,2845.6201171875,2868.97998046875,2820.429931640625,2823.159912109375,5220160000
2020-04-21,2784.81005859375,2785.5400390625,2727.10009765625,2736.56005859375,5075830000
2020-04-22,2787.889892578125,2815.10009765625,2775.949951171875,2799.31005859375,5049660000
2020-04-23,2810.419921875,2844.89990234375,2794.260009765625,2797.800048828125,5756520000
2020-04-24,2812.639892578125,2842.7099609375,2791.760009765625,2836.739990234375,5374480000
2020-04-27,2854.64990234375,2887.719970703125,2852.889892578125,2878.47998046875,5194260000
2020-04-28,2909.9599609375,2921.14990234375,2860.7099609375,2863.389892578125,5672880000
2020-04-29,2918.4599609375,2954.860107421875,2912.159912109375,2939.510009765625,6620140000
2020-04-30,2930.909912109375,2930.909912109375,2892.469970703125,2912.429931640625,6523120000
2020-05-01,2869.090087890625,2869.090087890625,2821.610107421875,2830.7099609375,4753160000
2020-05-04,2815.010009765625,2844.239990234375,2797.85009765625,2842.739990234375,4723140000
2020-05-05,2868.8798828125,2898.22998046875,2863.550048828125,2868.43994140625,5129590000
2020-05-06,2883.139892578125,2891.110107421875,2847.64990234375,2848.419921875,4861920000
2020-05-07,2878.260009765625,2901.919921875,2876.47998046875,2881.18994140625,5164640000
2020-05-08,2908.830078125,2932.159912109375,2902.8798828125,2929.800048828125,4857160000
2020-05-11,2915.4599609375,2944.25,2903.43994140625,2930.18994140625,4807320000
2020-05-12,2939.5,2945.820068359375,2869.590087890625,2870.1201171875,5107710000
2020-05-13,2865.860107421875,2874.139892578125,2793.14990234375,2820.0,6143130000
2020-05-14,2794.5400390625,2852.800048828125,2766.639892578125,2852.5,5641920000
2020-05-15,2829.949951171875,2865.010009765625,2816.780029296875,2863.699951171875,5477040000
2020-05-18,2913.860107421875,2968.090087890625,2913.860107421875,2953.909912109375,6364290000
2020-05-19,2948.590087890625,2964.2099609375,2922.35009765625,2922.93994140625,4969330000
2020-05-20,2953.6298828125,2980.2900390625,2953.6298828125,2971.610107421875,4992970000
2020-05-21,2969.949951171875,2978.5,2938.570068359375,2948.510009765625,4966940000
2020-05-22,2948.050048828125,2956.760009765625,2933.590087890625,2955.449951171875,3952800000
2020-05-26,3004.080078125,3021.719970703125,2988.169921875,2991.77001953125,5837060000
2020-05-27,3015.64990234375,3036.25,2969.75,3036.1298828125,6371230000
2020-05-28,3046.610107421875,3068.669921875,3023.39990234375,3029.72998046875,5402670000
2020-05-29,3025.169921875,3049.169921875,2998.610107421875,3044.31005859375,7275080000
2020-06-01,3038.780029296875,3062.179931640625,3031.5400390625,3055.72998046875,4673410000
2020-06-02,3064.780029296875,3081.070068359375,3051.639892578125,3080.820068359375,5187230000
2020-06-03,3098.89990234375,3130.93994140625,3098.89990234375,3122.8701171875,5989560000
2020-06-04,3111.56005859375,3128.909912109375,3090.409912109375,3112.35009765625,6428130000
2020-06-05,3163.840087890625,3211.719970703125,3163.840087890625,3193.929931640625,8617590000
2020-06-08,3199.919921875,3233.1298828125,3196.0,3232.389892578125,8437380000
2020-06-09,3213.320068359375,3222.7099609375,3193.110107421875,3207.179931640625,6382620000
2020-06-10,3213.419921875,3223.27001953125,3181.489990234375,3190.139892578125,6570840000
2020-06-11,3123.530029296875,3123.530029296875,2999.489990234375,3002.10009765625,7018890000
2020-06-12,3071.0400390625,3088.419921875,2984.469970703125,3041.31005859375,5832250000
2020-06-15,2993.760009765625,3079.760009765625,2965.659912109375,3066.590087890625,5740660000
2020-06-16,3131.0,3153.449951171875,3076.06005859375,3124.739990234375,5829240000
2020-06-17,3136.1298828125,3141.159912109375,3108.030029296875,3113.489990234375,4549390000
2020-06-18,3101.639892578125,3120.0,3093.510009765625,3115.340087890625,4429030000
2020-06-19,3140.2900390625,3155.530029296875,3083.110107421875,3097.739990234375,8327780000
2020-06-22,3094.419921875,3120.919921875,3079.389892578125,3117.860107421875,4665380000
2020-06-23,3138.699951171875,3154.89990234375,3127.1201171875,3131.2900390625,4704830000
2020-06-24,3114.39990234375,3115.010009765625,3032.1298828125,3050.330078125,5587200000
2020-06-25,3046.60009765625,3086.25,3024.010009765625,3083.760009765625,4815420000
2020-06-26,3073.199951171875,3073.72998046875,3004.6298828125,3009.050048828125,8098120000
2020-06-29,3018.590087890625,3053.889892578125,2999.739990234375,3053.239990234375,4462770000
2020-06-30,3050.199951171875,3111.510009765625,3047.830078125,3100.2900390625,4696280000
2020-07-01,3105.919921875,3128.43994140625,3101.169921875,3115.860107421875,4443130000
2020-07-02,3143.639892578125,3165.81005859375,3124.52001953125,3130.010009765625,4190830000
2020-07-06,3155.2900390625,3182.590087890625,3155.2900390625,3179.719970703125,4736450000
2020-07-07,3166.43994140625,3184.14990234375,3142.929931640625,3145.320068359375,4563700000
2020-07-08,3153.070068359375,3171.800048828125,3136.530029296875,3169.93994140625,4927700000
2020-07-09,3176.169921875,3179.780029296875,3115.699951171875,3152.050048828125,4829020000
2020-07-10,3152.469970703125,3186.820068359375,3136.219970703125,3185.0400390625,4515340000
2020-07-13,3205.080078125,3235.320068359375,3149.429931640625,3155.219970703125,4890780000
2020-07-14,3141.110107421875,3200.949951171875,3127.659912109375,3197.52001953125,4476170000
2020-07-15,3225.97998046875,3238.280029296875,3200.760009765625,3226.56005859375,4669760000
2020-07-16,3208.360107421875,3220.389892578125,3198.590087890625,3215.570068359375,3961230000
2020-07-17,3224.2099609375,3233.52001953125,3205.64990234375,3224.72998046875,3993830000
2020-07-20,3224.2900390625,3258.610107421875,3215.159912109375,3251.840087890625,3971200000
2020-07-21,3268.52001953125,3277.2900390625,3247.77001953125,3257.300048828125,4547960000
2020-07-22,3254.860107421875,3279.320068359375,3253.10009765625,3276.02001953125,4255190000
2020-07-23,3271.639892578125,3279.989990234375,3222.659912109375,3235.659912109375,4290460000
2020-07-24,3218.580078125,3227.260009765625,3200.050048828125,3215.6298828125,3894900000
2020-07-27,3219.840087890625,3241.429931640625,3214.25,3239.409912109375,3963910000
2020-07-28,3234.27001953125,3243.719970703125,3216.169921875,3218.43994140625,4027890000
2020-07-29,3227.219970703125,3264.739990234375,3227.219970703125,3258.43994140625,4676300000
2020-07-30,3231.760009765625,3250.919921875,3204.1298828125,3246.219970703125,4254010000
2020-07-31,3270.449951171875,3272.169921875,3220.260009765625,3271.1201171875,5117260000
2020-08-03,3288.260009765625,3302.72998046875,3284.530029296875,3294.610107421875,4643640000
2020-08-04,3289.919921875,3306.840087890625,3286.3701171875,3306.510009765625,4621670000
2020-08-05,3317.3701171875,3330.77001953125,3317.3701171875,3327.77001953125,4732220000
2020-08-06,3323.169921875,3351.030029296875,3318.139892578125,3349.159912109375,4267490000
2020-08-07,3340.050048828125,3352.5400390625,3328.719970703125,3351.280029296875,4104860000
2020-08-10,3356.0400390625,3363.2900390625,3335.43994140625,3360.469970703125,4318570000
2020-08-11,3370.340087890625,3381.010009765625,3326.43994140625,3333.68994140625,5087650000
2020-08-12,3355.4599609375,3387.889892578125,3355.4599609375,3380.35009765625,3768560000
2020-08-13,3372.949951171875,3387.239990234375,3363.35009765625,3373.429931640625,3648810000
2020-08-14,3368.659912109375,3378.510009765625,3361.639892578125,3372.85009765625,3193400000
2020-08-17,3380.860107421875,3387.590087890625,3379.219970703125,3381.989990234375,3671290000
2020-08-18,3387.0400390625,3395.06005859375,3370.14990234375,3389.780029296875,3881310000
2020-08-19,3392.510009765625,3399.5400390625,3369.659912109375,3374.85009765625,3884480000
2020-08-20,3360.47998046875,3390.800048828125,3354.68994140625,3385.510009765625,3642850000
2020-08-21,3386.010009765625,3399.9599609375,3379.31005859375,3397.159912109375,3705420000
2020-08-24,3418.090087890625,3432.090087890625,3413.1298828125,3431.280029296875,3728690000
2020-08-25,3435.949951171875,3444.2099609375,3425.840087890625,3443.6201171875,3619300000
2020-08-26,3449.969970703125,3481.070068359375,3444.14990234375,3478.72998046875,3754360000
2020-08-27,3485.139892578125,3501.3798828125,3468.35009765625,3484.550048828125,3929560000
2020-08-28,3494.68994140625,3509.22998046875,3484.320068359375,3508.010009765625,3855880000
2020-08-31,3509.72998046875,3514.77001953125,3493.25,3500.31005859375,4342290000
2020-09-01,3507.43994140625,3528.030029296875,3494.60009765625,3526.64990234375,4083110000
2020-09-02,3543.760009765625,3588.110107421875,3535.22998046875,3580.840087890625,4285190000
2020-09-03,3564.739990234375,3564.85009765625,3427.409912109375,3455.06005859375,4898680000
2020-09-04,3453.60009765625,3479.14990234375,3349.6298828125,3426.9599609375,4431440000
2020-09-08,3371.8798828125,3379.969970703125,3329.27001953125,3331.840087890625,4665600000
2020-09-09,3369.820068359375,3424.77001953125,3366.840087890625,3398.9599609375,3920830000
2020-09-10,3412.56005859375,3425.550048828125,3329.25,3339.18994140625,4192250000
2020-09-11,3352.699951171875,3368.949951171875,3310.469970703125,3340.969970703125,3704450000
2020-09-14,3363.56005859375,3402.929931640625,3363.56005859375,3383.5400390625,3832130000
2020-09-15,3407.72998046875,3419.47998046875,3389.25,3401.199951171875,4051460000
2020-09-16,3411.22998046875,3428.919921875,3384.449951171875,3385.489990234375,4710030000
2020-09-17,3346.860107421875,3375.169921875,3328.820068359375,3357.010009765625,4371940000
2020-09-18,3357.3798828125,3362.27001953125,3292.39990234375,3319.469970703125,7068700000
2020-09-21,3285.570068359375,3285.570068359375,3229.10009765625,3281.06005859375,4828350000
2020-09-22,3295.75,3320.31005859375,3270.949951171875,3315.570068359375,3963300000
2020-09-23,3320.110107421875,3323.35009765625,3232.570068359375,3236.919921875,4364500000
2020-09-24,3226.139892578125,3278.699951171875,3209.449951171875,3246.590087890625,4599470000
2020-09-25,3236.659912109375,3306.8798828125,3228.43994140625,3298.4599609375,3792220000
2020-09-28,3333.89990234375,3360.739990234375,3332.909912109375,3351.60009765625,3946060000
2020-09-29,3350.919921875,3357.919921875,3327.5400390625,3335.469970703125,3651880000
2020-09-30,3341.2099609375,3393.56005859375,3340.469970703125,3363.0,4722530000
2020-10-01,3385.8701171875,3397.179931640625,3361.389892578125,3380.800048828125,4070530000
2020-10-02,3338.93994140625,3369.10009765625,3323.68994140625,3348.419921875,3961550000
2020-10-05,3367.27001953125,3409.570068359375,3367.27001953125,3408.60009765625,3686920000
2020-10-06,3408.739990234375,3431.56005859375,3354.5400390625,3360.969970703125,4443380000
2020-10-07,3384.56005859375,3426.260009765625,3384.56005859375,3419.43994140625,3807830000
2020-10-08,3434.280029296875,3447.280029296875,3428.14990234375,3446.830078125,3856190000
2020-10-09,3459.669921875,3482.340087890625,3458.070068359375,3477.139892578125,3939060000
2020-10-12,3500.02001953125,3549.85009765625,3499.610107421875,3534.219970703125,3428970000
2020-10-13,3534.010009765625,3534.010009765625,3500.860107421875,3511.929931640625,3605150000
2020-10-14,3515.469970703125,3527.93994140625,3480.550048828125,3488.669921875,3840630000
2020-10-15,3453.719970703125,3489.080078125,3440.889892578125,3483.340087890625,3717640000
2020-10-16,3493.5,3515.760009765625,3480.449951171875,3483.81005859375,4675890000
2020-10-19,3493.659912109375,3502.419921875,3419.929931640625,3426.919921875,4086200000
2020-10-20,3439.3798828125,3476.929931640625,3435.64990234375,3443.1201171875,3901260000
2020-10-21,3439.909912109375,3464.860107421875,3433.06005859375,3435.56005859375,4097750000
2020-10-22,3438.5,3460.530029296875,3415.340087890625,3453.489990234375,4163630000
2020-10-23,3464.89990234375,3466.4599609375,3440.449951171875,3465.389892578125,3646570000
2020-10-26,3441.419921875,3441.419921875,3364.860107421875,3400.969970703125,3988080000
2020-10-27,3403.14990234375,3409.510009765625,3388.7099609375,3390.679931640625,3946990000
2020-10-28,3342.47998046875,3342.47998046875,3268.889892578125,3271.030029296875,5129860000
2020-10-29,3277.169921875,3341.050048828125,3259.820068359375,3310.110107421875,4903070000
2020-10-30,3293.590087890625,3304.929931640625,3233.93994140625,3269.9599609375,4840450000
2020-11-02,3296.199951171875,3330.139892578125,3279.739990234375,3310.239990234375,4310590000
2020-11-03,3336.25,3389.489990234375,3336.25,3369.159912109375,4220070000
2020-11-04,3406.4599609375,3486.25,3405.169921875,3443.43994140625,4783040000
2020-11-05,3485.739990234375,3529.050048828125,3485.739990234375,3510.449951171875,4841190000
2020-11-06,3508.340087890625,3521.580078125,3484.340087890625,3509.43994140625,4833950000
2020-11-09,3583.0400390625,3645.989990234375,3547.47998046875,3550.5,8556610000
2020-11-10,3543.260009765625,3557.219970703125,3511.909912109375,3545.530029296875,6024230000
2020-11-11,3563.219970703125,3581.159912109375,3557.0,3572.659912109375,4609970000
2020-11-12,3562.669921875,3569.02001953125,3518.580078125,3537.010009765625,4890120000
2020-11-13,3552.570068359375,3593.659912109375,3552.570068359375,3585.14990234375,4709670000
2020-11-16,3600.159912109375,3628.510009765625,3600.159912109375,3626.909912109375,5281980000
2020-11-17,3610.31005859375,3623.110107421875,3588.679931640625,3609.530029296875,4799570000
2020-11-18,3612.090087890625,3619.090087890625,3567.330078125,3567.7900390625,5274450000
2020-11-19,3559.409912109375,3585.219970703125,3543.840087890625,3581.8701171875,4347200000
2020-11-20,3579.31005859375,3581.22998046875,3556.85009765625,3557.5400390625,4218970000
2020-11-23,3566.820068359375,3589.81005859375,3552.77001953125,3577.590087890625,5036290000
2020-11-24,3594.52001953125,3642.31005859375,3594.52001953125,3635.409912109375,6267570000
2020-11-25,3635.5,3635.5,3617.760009765625,3629.64990234375,4902560000
2020-11-27,3638.550048828125,3644.31005859375,3629.330078125,3638.35009765625,2778450000
2020-11-30,3634.179931640625,3634.179931640625,3594.389892578125,3621.6298828125,6291400000
2020-12-01,3645.8701171875,3678.449951171875,3645.8701171875,3662.449951171875,5403660000
2020-12-02,3653.780029296875,3670.9599609375,3644.840087890625,3669.010009765625,5029620000
2020-12-03,3668.280029296875,3682.72998046875,3657.169921875,3666.719970703125,5091760000
2020-12-04,3670.93994140625,3699.199951171875,3670.93994140625,3699.1201171875,5086370000
2020-12-07,3694.72998046875,3697.409912109375,3678.8798828125,3691.9599609375,4788560000
2020-12-08,3683.050048828125,3708.449951171875,3678.830078125,3702.25,4549670000
2020-12-09,3705.97998046875,3712.389892578125,3660.5400390625,3672.820068359375,5209940000
2020-12-10,3659.1298828125,3678.489990234375,3645.179931640625,3668.10009765625,4618240000
2020-12-11,3656.080078125,3665.909912109375,3633.39990234375,3663.4599609375,4367150000
2020-12-14,3675.27001953125,3697.610107421875,3645.840087890625,3647.489990234375,4594920000
2020-12-15,3666.409912109375,3695.2900390625,3659.6201171875,3694.6201171875,4360280000
2020-12-16,3696.25,3711.27001953125,3688.570068359375,3701.169921875,4056950000
2020-12-17,3713.64990234375,3725.1201171875,3710.8701171875,3722.47998046875,4184930000
2020-12-18,3722.389892578125,3726.699951171875,3685.840087890625,3709.409912109375,7068340000
2020-12-21,3684.280029296875,3702.89990234375,3636.47998046875,3694.919921875,4732160000
2020-12-22,3698.080078125,3698.260009765625,3676.159912109375,3687.260009765625,4023940000
2020-12-23,3693.419921875,3711.239990234375,3689.280029296875,3690.010009765625,3772630000
2020-12-24,3694.030029296875,3703.820068359375,3689.320068359375,3703.06005859375,1885090000
2020-12-28,3723.030029296875,3740.510009765625,3723.030029296875,3735.360107421875,3527460000
2020-12-29,3750.010009765625,3756.1201171875,3723.31005859375,3727.0400390625,3387030000
2020-12-30,3736.18994140625,3744.6298828125,3730.2099609375,3732.0400390625,3145200000
2020-12-31,3733.27001953125,3760.199951171875,3726.8798828125,3756.070068359375,3172510000
2021-01-04,3764.610107421875,3769.989990234375,3662.7099609375,3700.64990234375,5006680000
2021-01-05,3698.02001953125,3737.830078125,3695.070068359375,3726.860107421875,4582620000
2021-01-06,3712.199951171875,3783.0400390625,3705.340087890625,3748.139892578125,6049970000
2021-01-07,3764.7099609375,3811.550048828125,3764.7099609375,3803.7900390625,5080870000
2021-01-08,3815.050048828125,3826.68994140625,3783.60009765625,3824.679931640625,4764180000
2021-01-11,3803.139892578125,3817.860107421875,3789.02001953125,3799.610107421875,4450500000
2021-01-12,3801.6201171875,3810.780029296875,3776.510009765625,3801.18994140625,4977210000
2021-01-13,3802.22998046875,3820.9599609375,3791.5,3809.840087890625,4590420000
2021-01-14,3814.97998046875,3823.60009765625,3792.860107421875,3795.5400390625,5180140000
2021-01-15,3788.72998046875,3788.72998046875,3749.6201171875,3768.25,5353060000
2021-01-19,3781.8798828125,3804.530029296875,3780.3701171875,3798.909912109375,4982940000
2021-01-20,3816.219970703125,3859.75,3816.219970703125,3851.85009765625,4551790000
2021-01-21,3857.4599609375,3861.449951171875,3845.050048828125,3853.070068359375,4484460000
2021-01-22,3844.239990234375,3852.31005859375,3830.409912109375,3841.469970703125,5080430000
2021-01-25,3851.679931640625,3859.22998046875,3797.159912109375,3855.360107421875,6955860000
2021-01-26,3862.9599609375,3870.89990234375,3847.780029296875,3849.6201171875,6029090000
2021-01-27,3836.830078125,3836.830078125,3732.47998046875,3750.77001953125,9878040000
2021-01-28,3755.75,3830.5,3755.75,3787.3798828125,6937960000
2021-01-29,3778.050048828125,3778.050048828125,3694.1201171875,3714.239990234375,6612570000
2021-02-01,3731.169921875,3784.320068359375,3725.6201171875,3773.860107421875,5392870000
2021-02-02,3791.840087890625,3843.090087890625,3791.840087890625,3826.31005859375,5495370000
2021-02-03,3840.27001953125,3847.510009765625,3816.679931640625,3830.169921875,4846900000
2021-02-04,3836.659912109375,3872.419921875,3836.659912109375,3871.739990234375,4856670000
2021-02-05,3878.300048828125,3894.56005859375,3874.929931640625,3886.830078125,4838580000
2021-02-08,3892.590087890625,3915.77001953125,3892.590087890625,3915.590087890625,4635030000
2021-02-09,3910.489990234375,3918.35009765625,3902.639892578125,3911.22998046875,4554610000
2021-02-10,3920.780029296875,3931.5,3884.93994140625,3909.8798828125,4815380000
2021-02-11,3916.39990234375,3925.989990234375,3890.389892578125,3916.3798828125,4570080000
2021-02-12,3911.64990234375,3937.22998046875,3905.780029296875,3934.830078125,4119260000
2021-02-16,3939.610107421875,3950.429931640625,3923.85009765625,3932.590087890625,5037360000
2021-02-17,3918.5,3933.610107421875,3900.429931640625,3931.330078125,4718280000
2021-02-18,3915.860107421875,3921.97998046875,3885.030029296875,3913.969970703125,4773430000
2021-02-19,3921.159912109375,3930.409912109375,3903.070068359375,3906.7099609375,4823940000
2021-02-22,3885.550048828125,3902.919921875,3874.7099609375,3876.5,5870190000
2021-02-23,3857.070068359375,3895.97998046875,3805.590087890625,3881.3701171875,6280650000
2021-02-24,3873.7099609375,3928.64990234375,3859.60009765625,3925.429931640625,5942350000
2021-02-25,3915.800048828125,3925.02001953125,3814.0400390625,3829.340087890625,6513060000
2021-02-26,3839.659912109375,3861.080078125,3789.5400390625,3811.14990234375,6512950000
2021-03-01,3842.510009765625,3914.5,3842.510009765625,3901.820068359375,5071540000
2021-03-02,3903.639892578125,3906.409912109375,3868.570068359375,3870.2900390625,5493690000
2021-03-03,3863.989990234375,3874.469970703125,3818.860107421875,3819.719970703125,6150790000
2021-03-04,3818.530029296875,3843.669921875,3723.340087890625,3768.469970703125,7142240000
2021-03-05,3793.580078125,3851.68994140625,3730.18994140625,3841.93994140625,6842570000
2021-03-08,3844.389892578125,3881.06005859375,3819.25,3821.35009765625,5852240000
2021-03-09,3851.929931640625,3903.760009765625,3851.929931640625,3875.43994140625,5496340000
2021-03-10,3891.989990234375,3917.35009765625,3885.72998046875,3898.81005859375,5827250000
2021-03-11,3915.5400390625,3960.27001953125,3915.5400390625,3939.340087890625,5300010000
2021-03-12,3924.52001953125,3944.989990234375,3915.2099609375,3943.340087890625,4469240000
2021-03-15,3942.9599609375,3970.080078125,3923.5400390625,3968.93994140625,4882190000
2021-03-16,3973.590087890625,3981.0400390625,3953.43994140625,3962.7099609375,4604870000
2021-03-17,3949.570068359375,3983.8701171875,3935.739990234375,3974.1201171875,4541620000
2021-03-18,3953.5,3969.6201171875,3910.860107421875,3915.4599609375,4043170000
2021-03-19,3913.139892578125,3930.1201171875,3886.75,3913.10009765625,7725050000
2021-03-22,3916.47998046875,3955.31005859375,3914.159912109375,3940.590087890625,4311380000
2021-03-23,3937.60009765625,3949.1298828125,3901.570068359375,3910.52001953125,4645340000
2021-03-24,3919.929931640625,3942.080078125,3889.070068359375,3889.139892578125,4766990000
2021-03-25,3879.340087890625,3919.5400390625,3853.5,3909.52001953125,4940800000
2021-03-26,3917.1201171875,3978.18994140625,3917.1201171875,3974.5400390625,5467850000
2021-03-29,3969.31005859375,3981.830078125,3943.25,3971.090087890625,4619840000
2021-03-30,3963.340087890625,3968.010009765625,3944.35009765625,3958.550048828125,4103570000
2021-03-31,3967.25,3994.409912109375,3966.97998046875,3972.889892578125,4564980000
2021-04-01,3992.780029296875,4020.6298828125,3992.780029296875,4019.8701171875,4151240000
2021-04-05,4034.43994140625,4083.419921875,4034.43994140625,4077.909912109375,3999760000
2021-04-06,4075.570068359375,4086.22998046875,4068.139892578125,4073.93994140625,4027880000
2021-04-07,4074.2900390625,4083.1298828125,4068.31005859375,4079.949951171875,4112640000
2021-04-08,4089.949951171875,4098.18994140625,4082.5400390625,4097.169921875,3901910000
2021-04-09,4096.10986328125,4129.47998046875,4095.510009765625,4128.7998046875,3634910000
2021-04-12,4124.7099609375,4131.759765625,4114.81982421875,4127.990234375,3578500000
2021-04-13,4130.10009765625,4148.0,4124.43017578125,4141.58984375,3728440000
2021-04-14,4141.580078125,4151.68994140625,4120.8701171875,4124.66015625,3976540000
2021-04-15,4139.759765625,4173.490234375,4139.759765625,4170.419921875,4027680000
2021-04-16,4174.14013671875,4191.31005859375,4170.75,4185.47021484375,4157430000
2021-04-19,4179.7998046875,4180.81005859375,4150.47021484375,4163.259765625,3788020000
2021-04-20,4159.18017578125,4159.18017578125,4118.3798828125,4134.93994140625,4338230000
2021-04-21,4128.419921875,4175.02001953125,4126.35009765625,4173.419921875,3865820000
2021-04-22,4170.4599609375,4179.56982421875,4123.68994140625,4134.97998046875,4235040000
2021-04-23,4138.77978515625,4194.169921875,4138.77978515625,4180.169921875,3568080000
2021-04-26,4185.02978515625,4194.18994140625,4182.35986328125,4187.6201171875,3738920000
2021-04-27,4188.25,4193.35009765625,4176.22021484375,4186.72021484375,3703240000
2021-04-28,4185.14013671875,4201.52978515625,4181.77978515625,4183.18017578125,3772390000
2021-04-29,4206.14013671875,4218.77978515625,4176.81005859375,4211.47021484375,4288940000
2021-04-30,4198.10009765625,4198.10009765625,4174.85009765625,4181.169921875,4273680000
2021-05-03,4191.97998046875,4209.39013671875,4188.02978515625,4192.66015625,4061170000
2021-05-04,4179.0400390625,4179.0400390625,4128.58984375,4164.66015625,4441080000
2021-05-05,4177.06005859375,4187.72021484375,4160.93994140625,4167.58984375,4029050000
2021-05-06,4169.14013671875,4202.7001953125,4147.330078125,4201.6201171875,4504860000
2021-05-07,4210.33984375,4238.0400390625,4201.64013671875,4232.60009765625,4013060000
2021-05-10,4228.2900390625,4236.39013671875,4188.1298828125,4188.43017578125,3678970000
2021-05-11,4150.33984375,4162.0400390625,4111.52978515625,4152.10009765625,3593110000
2021-05-12,4130.5498046875,4134.72998046875,4056.8798828125,4063.0400390625,3735080000
2021-05-13,4074.989990234375,4131.580078125,4074.989990234375,4112.5,3687780000
2021-05-14,4129.580078125,4183.1298828125,4129.580078125,4173.85009765625,3251920000
2021-05-17,4169.919921875,4171.919921875,4142.68994140625,4163.2900390625,3307130000
2021-05-18,4165.93994140625,4169.14990234375,4125.990234375,4127.830078125,3559790000
2021-05-19,4098.4501953125,4116.93017578125,4061.409912109375,4115.68017578125,3485550000
2021-05-20,4121.97021484375,4172.7998046875,4121.97021484375,4159.1201171875,3019060000
2021-05-21,4168.60986328125,4188.72021484375,4151.72021484375,4155.85986328125,3344620000
2021-05-24,4170.16015625,4209.52001953125,4170.16015625,4197.0498046875,2947400000
2021-05-25,4205.93994140625,4213.419921875,4182.52001953125,4188.1298828125,3420870000
2021-05-26,4191.58984375,4202.60986328125,4184.10986328125,4195.990234375,3674490000
2021-05-27,4201.93994140625,4213.3798828125,4197.77978515625,4200.8798828125,5201110000
2021-05-28,4210.77001953125,4218.35986328125,4203.56982421875,4204.10986328125,4199270000
2021-06-01,4216.52001953125,4234.1201171875,4197.58984375,4202.0400390625,4122960000
2021-06-02,4206.81982421875,4217.3701171875,4198.27001953125,4208.1201171875,4860930000
2021-06-03,4191.43017578125,4204.39013671875,4167.93017578125,4192.85009765625,4579450000
2021-06-04,4206.0498046875,4233.4501953125,4206.0498046875,4229.89013671875,3487070000
2021-06-07,4229.33984375,4232.33984375,4215.66015625,4226.52001953125,3835570000
2021-06-08,4233.81005859375,4236.740234375,4208.41015625,4227.259765625,3943870000
2021-06-09,4232.990234375,4237.08984375,4218.740234375,4219.5498046875,3902870000
2021-06-10,4228.56005859375,4249.740234375,4220.33984375,4239.18017578125,3502480000
2021-06-11,4242.89990234375,4248.3798828125,4232.25,4247.43994140625,3204280000
2021-06-14,4248.31005859375,4255.58984375,4234.06982421875,4255.14990234375,3612050000
2021-06-15,4255.27978515625,4257.16015625,4238.35009765625,4246.58984375,3578450000
2021-06-16,4248.8701171875,4251.89013671875,4202.4501953125,4223.7001953125,3722050000
2021-06-17,4220.3701171875,4232.2900390625,4196.0498046875,4221.85986328125,3952110000
2021-06-18,4204.77978515625,4204.77978515625,4164.39990234375,4166.4501953125,6084980000
2021-06-21,4173.39990234375,4226.240234375,4173.39990234375,4224.7900390625,3391740000
2021-06-22,4224.60986328125,4255.83984375,4217.27001953125,4246.43994140625,3208760000
2021-06-23,4249.27001953125,4256.60009765625,4241.43017578125,4241.83984375,3172440000
2021-06-24,4256.97021484375,4271.27978515625,4256.97021484375,4266.490234375,3141680000
2021-06-25,4274.4501953125,4286.1201171875,4271.16015625,4280.7001953125,6248390000
2021-06-28,4284.89990234375,4292.14013671875,4274.669921875,4290.60986328125,3415610000
2021-06-29,4293.2099609375,4300.52001953125,4287.0400390625,4291.7998046875,3049560000
2021-06-30,4290.64990234375,4302.43017578125,4287.9599609375,4297.5,3687880000
2021-07-01,4300.72998046875,4320.66015625,4300.72998046875,4319.93994140625,3077580000
2021-07-02,4326.60009765625,4355.43017578125,4326.60009765625,4352.33984375,2628550000
2021-07-06,4356.4599609375,4356.4599609375,4314.3701171875,4343.5400390625,3437900000
2021-07-07,4351.009765625,4361.8798828125,4329.7900390625,4358.1298828125,3243900000
2021-07-08,4321.06982421875,4330.8798828125,4289.3701171875,4320.81982421875,3393780000
2021-07-09,4329.3798828125,4371.60009765625,4329.3798828125,4369.5498046875,2738280000
2021-07-12,4372.41015625,4386.68017578125,4364.02978515625,4384.6298828125,2983980000
2021-07-13,4381.06982421875,4392.3701171875,4366.919921875,4369.2099609375,3166900000
2021-07-14,4380.10986328125,4393.68017578125,4362.35986328125,4374.2998046875,3213870000
2021-07-15,4369.02001953125,4369.02001953125,4340.7001953125,4360.02978515625,3226930000
2021-07-16,4367.43017578125,4375.08984375,4322.52978515625,4327.16015625,3165160000
2021-07-19,4296.39990234375,4296.39990234375,4233.1298828125,4258.490234375,4155790000
2021-07-20,4265.10986328125,4336.83984375,4262.0498046875,4323.06005859375,3634190000
2021-07-21,4331.1298828125,4359.7001953125,4331.1298828125,4358.68994140625,3078550000
2021-07-22,4361.27001953125,4369.8701171875,4350.06005859375,4367.47998046875,2907910000
2021-07-23,4381.2001953125,4415.18017578125,4381.2001953125,4411.7900390625,3490730000
2021-07-26,4409.580078125,4422.72998046875,4405.4501953125,4422.2998046875,2679110000
2021-07-27,4416.3798828125,4416.3798828125,4372.509765625,4401.4599609375,3381080000
2021-07-28,4402.9501953125,4415.47021484375,4387.009765625,4400.64013671875,3215130000
2021-07-29,4403.58984375,4419.830078125,4403.58984375,4419.77001953125,107760932
